url,title,release_date,platforms,description,developers,publishers,genres,esrb
https://www.gamespot.com/games/mdk/,MDK,"Apr 30, 1997","Macintosh, PC, PlayStation","MDK is frequently fun, sometimes frustrating, full of surprises, and visually stunning.","Shiny Entertainment, Neversoft Entertainment","Playmates, Shiny Entertainment, Interplay, SystemSoft, SCEI","Action, Shooter, Third-Person, 3D",Teen
https://www.gamespot.com/games/pro-pilot/,Pro Pilot,"Nov 30, 1997",PC,"With the glaring omissions fixed and a graphics overhaul, Pro Pilot could be contender.",Dynamix,Sierra Entertainment,"Flight, Simulation",
https://www.gamespot.com/games/f-22-air-dominance-fighter/,F-22 Air Dominance Fighter,1997,PC,Digital Image Design has crafted the latest and perhaps the most exacting reproduction of the USAF's all-new air supremacy/strike fighter.,Digital Image Design,"Digital Image Design, Ocean","Simulation, Flight",
https://www.gamespot.com/games/resident-evil-2-1998/,Resident Evil 2 (1998),"Jan 21, 1998","Dreamcast, Game.com, GameCube, Nintendo 64, PC, PlayStation","If you can brave its shortcomings, Resident Evil 2 is good, scary fun.","Capcom, Tiger, TOSE, Angel Studios","Capcom, Virgin Interactive, Tiger, Sold Out Software, Media Kite, Sourcenext","Adventure, Survival, 3D, Action",Mature
https://www.gamespot.com/games/courier-crisis/,Courier Crisis,"Nov 30, 1997","PlayStation, Saturn",Even the most radical bunny-hop couldn't save the resultant product.,New Level Software,"GT Interactive, BMG Interactive Entertainment","Driving/Racing, Arcade",Kids to Adults
https://www.gamespot.com/games/elemental-gearbolt/,Elemental Gearbolt,"Jun 30, 1998",PlayStation,Working Designs' revisions have made it a much more challenging gun game - one that's now much easier to recommend.,Alfa System,"SCEI, Alfa System, Working Designs","Action, Shooter, Light-Gun",Teen
https://www.gamespot.com/games/bomberman-64/,Bomberman 64,"Nov 30, 1997",Nintendo 64,Bomberman is easily the most prolific character in video game history.,Hudson,"Nintendo, Konami, Hudson, Hudson Soft","Platformer, Action, 3D",Kids to Adults
https://www.gamespot.com/games/tomb-raider-ii/,Tomb Raider II,"Oct 31, 1997","Android, iOS (iPhone/iPad), Macintosh, PC, PlayStation",Most of Tomb Raider II's improvements are cosmetic.,"Core Design Ltd., Westlake Interactive","Square Enix, Aspyr, Eidos Interactive, SoftKey, Victor Interactive Software, SCEA","Action, Adventure",Teen
https://www.gamespot.com/games/street-fighter-collection/,Street Fighter Collection,"Nov 30, 1997","PlayStation, Saturn",Fans hoping for a complete collection must keep on waiting.,Capcom,"Virgin Interactive, Capcom, Tec Toy",Compilation,Teen
https://www.gamespot.com/games/fifa-road-to-world-cup-98/,FIFA: Road to World Cup 98,"Nov 30, 1997","Game Boy, Genesis, Nintendo 64, PC, PlayStation, Saturn, Super Nintendo","This year's FIFA will keep soccer fans returning to their N64s, season after season.","Tiertex Design Studios, Extended Play Productions, EA Canada, EA Sports, Climax Group","THQ, EA Sports, Electronic Arts Victor, Electronic Arts, Tec Toy","Simulation, Soccer, Sports, Team-Based",Kids to Adults
https://www.gamespot.com/games/swiv-3d-assault/,SWIV 3D Assault,"Oct 31, 1996",PC,"The missions will take you through a variety of combat environments, from mountain ranges to snowy glaciers, all packed with turrets, enemy tanks, and building complexes.",SCi,"SCi, Interplay","Shoot-'Em-Up, 2D, Action",Kids to Adults
https://www.gamespot.com/games/defiance-1997/,Defiance (1997),"Oct 31, 1997",PC,"Although this is not a terrible game, there's nothing here that would merit someone to really consider buying it when there are so many other 3D games of such a higher caliber.","Intrepid Software Solutions, Inc.",Visceral Productions,"3D, Action, First-Person, Shooter",Teen
https://www.gamespot.com/games/alundra/,Alundra,"Jan 8, 1998",PlayStation,"An addictive, well-rounded game that is balanced, challenging, and, most of all, fun to play.",Matrix Software,"Psygnosis, SCEI, Working Designs, SCEA, MonkeyPaw Games","Action, Adventure",Teen
https://www.gamespot.com/games/g-police/,G-Police,"Sep 30, 1997","PC, PlayStation","The excitement never really builds, let alone climaxes.","Psygnosis, Wheelhaus","Psygnosis, SCEE, SCEI","Flight, Simulation",Everyone
https://www.gamespot.com/games/clock-tower-1997/,Clock Tower (1997),"Oct 1, 1997",PlayStation,"Video games used to be scary, and lately, they haven't been, which is why Clock Tower by ASCII Entertainment is so cool.",Human Entertainment,"Human Entertainment, ASCII Entertainment, SunSoft",Adventure,Mature
https://www.gamespot.com/games/chessmaster-5500/,Chessmaster 5500,"Oct 31, 1997",PC,The worst thing you can say about Chessmaster 5500 is that you might not want to spend the bucks on it if you already own Chessmaster 5000.,Mindscape Inc.,"Mindscape Inc., SmartSaver",Trivia/Board Game,Everyone
https://www.gamespot.com/games/quake-ii/,Quake II,"Dec 9, 1997","Amiga, Linux, Macintosh, Nintendo 64, PC, PlayStation, Zeebo","Whatever else may be said about Quake II, one thing is certain: It is the only first-person shooter to render the original Quake entirely obsolete.","Hyperion Entertainment, Nvidia Lightspeed Studios, id Software, Raster, Rogue Entertainment, Team Evolve, Xatrix, Canopy Games, Hammerhead","Hyperion Entertainment, NVIDIA, id Software, Activision, Gradiente, Macmillan Software, Empire Interactive, Head Games Publishing, Ubisoft","First-Person, Shooter, 3D, Action",Mature
https://www.gamespot.com/games/cool-boarders-2/,Cool Boarders 2,"Oct 31, 1997",PlayStation,Cool Boarders 2 is an awesome snowboarding game.,UEP Systems,"SCEA, SCEE, UEP Systems, Studio Zan","Sports, Snowboarding/Skiing",Kids to Adults
https://www.gamespot.com/games/netstorm-islands-at-war/,NetStorm: Islands at War,"Oct 31, 1997",PC,"Despite its numerous strengths, the game just doesn't have much longevity.",Titanic Entertainment,Activision,"Real-Time, Strategy",Everyone
https://www.gamespot.com/games/armored-core-project-phantasma/,Armored Core: Project Phantasma,"Sep 30, 1998",PlayStation,The closest thing to an add-on pack the PlayStation has ever seen.,From Software,"From Software, ASCII Entertainment",Simulation,Teen
https://www.gamespot.com/games/ultima-online/,Ultima Online,"Sep 30, 1997",PC,"In its current form, Ultima Online is a major disappointment.","Electronic Arts, EA Games, Origin","Electronic Arts, EA Games","MMO, Role-Playing",Mature
https://www.gamespot.com/games/tomb-raider-ii/,Tomb Raider II,"Oct 31, 1997","Android, iOS (iPhone/iPad), Macintosh, PC, PlayStation",Most of Tomb Raider II's improvements are cosmetic.,"Core Design Ltd., Westlake Interactive","Square Enix, Aspyr, Eidos Interactive, SoftKey, Victor Interactive Software, SCEA","Action, Adventure",Teen
https://www.gamespot.com/games/bloody-roar/,Bloody Roar,"Oct 31, 1997","Arcade Games, PlayStation",One of the more original and exciting fighting games this year.,Eighting/Raizing,"Hudson, Virgin Interactive, SCEA","3D, Action, Fighting",Teen
https://www.gamespot.com/games/ghost-in-the-shell/,Ghost in the Shell,"Oct 31, 1997",PlayStation,Bears nearly no resemblance to Doom. Hallelujah. Hallelujah.,Exact,"SCEI, THQ, SCEE",Simulation,Teen
https://www.gamespot.com/games/chasm-the-rift/,Chasm: The Rift,"Sep 30, 1997",PC,"Originating from a small programming team in Russia, Chasm: The Rift is a standard 3D shooter that falls technologically in between Doom and Quake - and scarily enough, isn't that bad.",Action Forms Ltd.,"Megamedia, Action Forms Ltd., GT Interactive, Digital Integration","Shooter, 3D, Action, First-Person",Mature
https://www.gamespot.com/games/need-for-speed-v-rally/,Need for Speed: V-Rally,"Sep 30, 1997",PlayStation,V-Rally has nothing in common with the previous NFS games.,Infogrames,"Infogrames, Spike, Electronic Arts","Simulation, Driving/Racing",Kids to Adults
https://www.gamespot.com/games/rampage-world-tour/,Rampage World Tour,"Sep 30, 1997","Arcade Games, Game Boy Color, Nintendo 64, PC, PlayStation, PlayStation 3, Saturn",You still pick one of three monsters and blow up every building in sight.,"Midway, Digital Eclipse, Saffire, Game Refuge, Point of View","Midway, GT Interactive, Sony Online Entertainment, Tec Toy","Action, Arcade",Teen
https://www.gamespot.com/games/star-wars-masters-of-teras-kasi/,Star Wars: Masters of Teras Kasi,"Oct 31, 1997",PlayStation,Masters of Teras Kasi fails on many levels.,LucasArts,"LucasArts, Bullet Proof Software","3D, Fighting, Action",Teen
https://www.gamespot.com/games/frogger-1997/,Frogger (1997),"Sep 30, 1997","Game Boy, Game Boy Color, Game.com, Genesis, PC, PlayStation, Super Nintendo",Frogger is an enjoyable title.,"Majesco Games, Morning Star Multimedia, Handheld Games, SCEE, SCE Studio Cambridge","Majesco Games, Tiger, Hasbro Interactive, Hasbro Japan","Arcade, Action",Everyone
https://www.gamespot.com/games/fighting-force/,Fighting Force,"Oct 31, 1997","Nintendo 64, PC, PlayStation","Unfortunately, the game starts strong, but becomes an exercise in futility on or around the second level.",Core Design Ltd.,"Crave, Eidos Interactive, Square Enix, Electronic Arts Victor","Beat-'Em-Up, 3D, Action",Teen
https://www.gamespot.com/games/time-crisis/,Time Crisis,1996,"Arcade Games, PlayStation",The PlayStation version is even better than the original.,Namco,"Namco, SCEE","Action, Light-Gun, Shooter",Teen
https://www.gamespot.com/games/crash-bandicoot-2-cortex-strikes-back/,Crash Bandicoot 2: Cortex Strikes Back,"Nov 5, 1997",PlayStation,Crash Bandicoot 2 is a topnotch platform game.,Naughty Dog,"SCEI, SCEA, SCEE","Action, 3D, Platformer",Kids to Adults
https://www.gamespot.com/games/resident-evil/,Resident Evil,"Mar 30, 1996","DS, PC, PlayStation, Saturn",Resident Evil is a rare gem that has been able to make the jump from a video game to a computer game nearly flawlessly.,"Capcom, NexTech","Capcom, Nintendo, Virgin Interactive, PCHome, NEC, Media Kite, Tec Toy, Sega","Survival, 3D, Action, Adventure",Rating Pending
https://www.gamespot.com/games/fallout/,Fallout,"Oct 9, 1997","Linux, Macintosh, PC",Fallout is one of the best role-playing games to be released in several years.,"Black Isle Studios, Omni Group","Interplay, Mac Play",Role-Playing,Mature
https://www.gamespot.com/games/castlevania-symphony-of-the-night/,Castlevania: Symphony of the Night,"Oct 2, 1997","Android, iOS (iPhone/iPad), PlayStation, Saturn, Xbox 360",Quite possibly the best 2D action side scroller ever.,"DotEmu, Konami, Konami Computer Entertainment Nagoya, Digital Eclipse","Konami, SCEA","Action, Platformer, Metroidvania",Teen
https://www.gamespot.com/games/man-of-war/,Man of War,"Sep 30, 1997",PC,"The developers were headed in the right direction, but in the end they fail on both fronts.",Strategy First,"Strategy First, Virgin Interactive",Strategy,Everyone
https://www.gamespot.com/games/diddy-kong-racing/,Diddy Kong Racing,"Nov 24, 1997","DS, Nintendo 64",Diddy Kong Racing probably wasn't supposed to see the light of day for months.,Rare Ltd.,"Nintendo, Rare Ltd.","Driving/Racing, Arcade",Kids to Adults
https://www.gamespot.com/games/bushido-blade/,Bushido Blade,"Sep 30, 1997",PlayStation,Bushido Blade totally redefines the genre.,Light Weight,"SCEE, Square Enix, SquareSoft, SCEA","Action, 3D, Fighting",Teen
https://www.gamespot.com/games/mega-man-x4/,Mega Man X4,"Sep 25, 1997","PC, PlayStation, Saturn",Some video games cater to hard-core fanatics of a specific genre.,Capcom,"Capcom, Virgin Interactive, SCEA, Tec Toy","Platformer, 2D, Action",Kids to Adults
https://www.gamespot.com/games/mega-man-x4/,Mega Man X4,"Sep 25, 1997","PC, PlayStation, Saturn",Some video games cater to hard-core fanatics of a specific genre.,Capcom,"Capcom, Virgin Interactive, SCEA, Tec Toy","Platformer, 2D, Action",Kids to Adults
https://www.gamespot.com/games/claw/,Claw,"Sep 30, 1997",PC,Claw is easily the finest modern side scroller available for the PC.,Takarajimasha,"Monolith Productions, WizardWorks, Takarajimasha","Action, Platformer, 2D",Everyone
https://www.gamespot.com/games/marvel-super-heroes/,Marvel Super Heroes,"Oct 31, 1995","Arcade Games, PlayStation, Saturn",This version just seemed dull and boring.,"Capcom, Tsuji Jimusho","Capcom, Virgin Interactive","2D, Fighting, Action",Teen
https://www.gamespot.com/games/street-fighter-ex-plus-alpha/,Street Fighter EX Plus Alpha,"Sep 30, 1997",PlayStation,A 3D Street Fighter game worthy of its heritage.,Arika,"Virgin Interactive, Capcom","Action, 2D, Fighting",Teen
https://www.gamespot.com/games/treasures-of-the-deep-1997/,Treasures of the Deep (1997),"Aug 31, 1997",PlayStation,"There is something to this ""underwater game"" thing.",Black Ops Entertainment,"SCEE, Namco",Simulation,Teen
https://www.gamespot.com/games/extreme-g/,Extreme-G,"Sep 30, 1997",Nintendo 64,"Extreme G is a good, solid title that stacks up.",Probe Entertainment Limited,"Acclaim, Acclaim Japan","Arcade, Driving/Racing",Kids to Adults
https://www.gamespot.com/games/age-of-empires/,Age of Empires,"Sep 30, 1997","Macintosh, Mobile, PC","This is not quite the game you hoped for. Even worse, it has some definite problems.","MacSoft, In-Fusio, Ensemble Studios, Forgotten Empires LLC","MacSoft, In-Fusio, Microsoft, Xbox Game Studios, Mattel, Microsoft Game Studios, The Learning Company","Real-Time, Strategy",Teen
https://www.gamespot.com/games/postal/,Postal,1995,"Dreamcast, iOS (iPhone/iPad), Linux, Macintosh, PC","It's irreverent and gruesome to say the least, not to mention a little disturbing.","Wave, AppMania, Running With Scissors, Loki Entertainment","Wave, AppMania, Running With Scissors, Panasonic, Whiptail Interactive, Take-Two Interactive, MicroMouse, Loki Entertainment, Ripcord Games, Drive, Inc.","Shooter, 2D, Action, Fixed-Screen",Mature
https://www.gamespot.com/games/virtua-fighter-2/,Virtua Fighter 2,December 1994,"Arcade Games, iOS (iPhone/iPad), PC, PlayStation 2, PlayStation 3, Saturn, Xbox 360","Straight from the arcades, Virtua Fighter 2 comes to the Sega Genesis with its distinct brand of 3D fighting.","Sega AM2, Sega","Sega, Tec Toy, Expert Software, Empire Interactive, Samsung","3D, Fighting, Action",Teen
https://www.gamespot.com/games/oddworld-abes-oddysee/,Oddworld: Abe's Oddysee,"Sep 18, 1997","PC, PlayStation",Abe's Oddysee balances its action and puzzle elements perfectly.,"Digital Dialect, Oddworld Inhabitants","GT Interactive, Tec Toy, CyberFront, Oddworld Inhabitants, SCEA, Infogrames, GameBank","Action, 2D, Platformer",Teen
https://www.gamespot.com/games/dark-reign-the-future-of-war/,Dark Reign: The Future of War,"Aug 31, 1997",PC,One of the most impressive games released this year in any genre.,Auran,Activision,"Strategy, Real-Time",Everyone
https://www.gamespot.com/games/shadow-warrior-1997/,Shadow Warrior (1997),"May 13, 1997","Android, Linux, Macintosh, PC",Shadow Warrior is pretty fun despite its dated qualities.,"3D Realms, Westlake Interactive, Sunstorm Interactive","Devolver Digital, MacSoft, 3D Realms, GT Interactive, Tec Toy, WizardWorks","Shooter, 3D, Action, First-Person",Mature
https://www.gamespot.com/games/total-annihilation/,Total Annihilation,"Sep 27, 1997","Macintosh, PC",Cavedog has done a commendable job of taking the basic mechanics of real-time strategy and using them to create something new.,"Westlake Interactive, Cavedog Entertainment","MacSoft, Wargaming.net, GT Interactive, Humongous Entertainment, Atari Corporation, Infogrames, Cavedog Entertainment","Real-Time, Strategy",Teen
https://www.gamespot.com/games/final-fantasy-vii/,Final Fantasy VII,"Sep 7, 1997","Android, iOS (iPhone/iPad), Nintendo Switch, PC, PlayStation, PlayStation 4, Xbox One","Never before have technology, playability, and narrative combined as well as in Final Fantasy VII.","Square Enix, SquareSoft","Square Enix, Eidos Interactive, Electronic Arts, SquareSoft, SCEA, SCEE",Role-Playing,Teen
https://www.gamespot.com/games/the-lost-world-jurassic-park/,The Lost World: Jurassic Park,"Aug 31, 1997","PlayStation, Saturn",The Lost World video game is an action-packed 3D platform game that has a perfect blend of frustration and frustration.,"Dreamworks Interactive, Appaloosa Interactive","Electronic Arts, Electronic Arts Victor, Sega, Tec Toy","Action, 2D, Platformer",Teen
https://www.gamespot.com/games/hexen-ii/,Hexen II,"Sep 17, 1997","Macintosh, PC","Hexen II delivers a mighty blow, but ultimately fails to knock the king off his throne.",Raven Software,"Mac Play, id Software, Activision","Action, First-Person, Shooter, 3D",Teen
https://www.gamespot.com/games/vmx-racing/,VMX Racing,"Jun 30, 1997",PlayStation,"To be honest, I would rather have teeth pulled than be forced to play this game.",Studio E,"Playmates, Funsoft","Arcade, Driving/Racing",Everyone
https://www.gamespot.com/games/goldeneye-007/,GoldenEye 007,"Aug 25, 1997",Nintendo 64,GoldenEye is the type of game N64 owners have been waiting for since they finished Mario 64.,Rare Ltd.,"Nintendo, Gradiente","3D, Action, First-Person, Shooter",Teen
https://www.gamespot.com/games/atomic-bomberman/,Atomic Bomberman,"Jul 31, 1997",PC,Atomic Bomberman is one of this year's biggest missed opportunities.,Interplay,"Sold Out Software, Interplay","Action, Puzzle",Kids to Adults
https://www.gamespot.com/games/carmageddon/,Carmageddon,"Jun 30, 1997","Android, Game Boy Color, iOS (iPhone/iPad), Macintosh, Nintendo 64, PC, PlayStation","Carmageddon is visceral, violent, vehicular fun.","Stainless Games, Aqua Pacific, Software Creations","Stainless Games, SCi, Titus Software, Aspyr, GT Interactive, Interplay, Ubisoft",Simulation,Mature
https://www.gamespot.com/games/pandemonium/,Pandemonium!,"Oct 31, 1996","iOS (iPhone/iPad), Mobile, N-Gage, PC, PlayStation, Saturn","Pandemonium doesn't have what it takes to contend with the latest 3-D action games, like Crash Bandicoot and Tomb Raider.","Eidos Interactive, Ideaworks3D, Toys for Bob","Electronic Arts, Eidos Mobile, Eidos Interactive, Square Enix, BMG Interactive Entertainment, Crystal Dynamics, Bandai, SCEA","Platformer, 3D, Action",Kids to Adults
https://www.gamespot.com/games/battlesport/,BattleSport,1996,"3DO, PC, PlayStation, Saturn",There's just no need for a game like this on the PlayStation in 1997.,"Cyclone Studios, Unexpected Development, Acclaim","3DO, Acclaim, Acclaim Japan",Sports,Kids to Adults
https://www.gamespot.com/games/x-com-apocalypse/,X-COM: Apocalypse,"Jul 15, 1997",PC,This is almost the X-COM sequel that folks have been hoping for.,Culture Brain,"MicroProse, 2K Games","Turn-Based, Strategy",Teen
https://www.gamespot.com/games/capitalism-plus/,Capitalism Plus,"Apr 30, 1997",PC,"Capitalism Plus is an overall improvement to the original system, not a complete rewrite.",Enlight Software,"Enlight Software, SmartSaver, Interactive Magic","Strategy, Management",
https://www.gamespot.com/games/codename-tenka/,CodeName: Tenka,"May 31, 1997","PC, PlayStation","If you just can't get enough first-person shooter action, you may want to check out Codename: Tenka.","Distinctive Developments Ltd, Psygnosis","Psygnosis, SCEA","First-Person, Shooter, 3D, Action",Mature
https://www.gamespot.com/games/sonic-jam/,Sonic Jam,"Jul 31, 1997","Game.com, Saturn",A less-than-definitive Sonic retrospective.,"Tiger, Sonic Team","Tiger, Sega, Tec Toy",Compilation,Kids to Adults
https://www.gamespot.com/games/dungeon-keeper/,Dungeon Keeper,"Jun 26, 1997","Android, iOS (iPhone/iPad), PC","A rich strategy game that is both intuitive and challenging, both innovative and polished.","Bullfrog Productions, Take-Two Interactive","Electronic Arts, Tec Toy","Real-Time, Strategy",Mature
https://www.gamespot.com/games/x-men-children-of-the-atom/,X-Men: Children of the Atom,1994,"Arcade Games, PC, PlayStation, Saturn",Proves that the PC is indeed a viable platform for fighting games.,"Capcom, Probe Entertainment Limited, Rutubo Games","Capcom, Acclaim","Action, 2D, Fighting",Kids to Adults
https://www.gamespot.com/games/blood/,Blood,"May 31, 1997",PC,"It's derivative, it's violent, and definitely tasteless at times - but it's almost always fun.","Monolith Productions, Sunstorm Interactive, Night Dive Studios","GT Interactive, WizardWorks, Atari SA","3D, Action, First-Person, Shooter",Mature
https://www.gamespot.com/games/gamera-2000/,Gamera 2000,"Apr 25, 1997",PlayStation,Gamera 2000 is a gem among an otherwise fairly bland genre.,Digital Frontier,Virgin Interactive,"2D, Action, Shoot-'Em-Up",
https://www.gamespot.com/games/final-fantasy-iv/,Final Fantasy IV,"Dec 12, 2005","Android, DS, Game Boy Advance, iOS (iPhone/iPad), Mobile, PC, PlayStation, Super Nintendo, WonderSwan Color","Final Fantasy IV makes its way to the Nintendo DS and features full 3D graphics, voiced cutscenes, and added content.","Matrix Software, Square Enix, TOSE, SquareSoft, Sting","Square Enix, Nintendo, SquareSoft",Role-Playing,Teen
https://www.gamespot.com/games/wild-arms/,Wild Arms,"Apr 30, 1997",PlayStation,Every fan of RPG games should at least take a peek at this title.,Media Vision,"SCEI, SCEE, SCEA",Role-Playing,Kids to Adults
https://www.gamespot.com/games/overblood/,OverBlood,"May 22, 1997",PlayStation,A good idea spread far too thinly.,Riverhillsoft,"Electronic Arts, Riverhillsoft, Hamster, althi Inc.","Action, Adventure, Survival, 3D",Teen
https://www.gamespot.com/games/the-settlers-ii/,The Settlers II,"Aug 31, 1996",PC,"The Settlers II is one of those brilliant little strategy games that mixes a bit of economics, a bit of combat, and a whole lot of watching cute little men stroll around the screen hitting things with various implements of destruction.","Blue Byte, Funatics Software","Blue Byte, Ubisoft, ak tronic","Strategy, Management",Kids to Adults
https://www.gamespot.com/games/norse-by-norsewest-the-return-of-the-lost-vikings/,Norse by Norsewest: The Return of The Lost Vikings,"Apr 30, 1997","PC, PlayStation, Saturn, Super Nintendo",Norse by NorseWest is a good puzzle game.,"Beam Software, Blizzard Entertainment",Interplay,"Puzzle, Action",Kids to Adults
https://www.gamespot.com/games/british-open-championship-golf/,British Open Championship Golf,"Apr 30, 1997",PC,British Open Championship Golf is a unique entry into the world of golf sims that is sadly brought down by a few flaws.,Looking Glass Studios,Looking Glass Studios,"Simulation, Sports, Golf",Everyone
https://www.gamespot.com/games/nanotek-warrior/,Nanotek Warrior,"Feb 28, 1997",PlayStation,It's a step towards bringing an 8-bit genre into the 32-bit era.,Tetragon,Virgin Interactive,"Shooter, 3D, Action, On-Rails",Kids to Adults
https://www.gamespot.com/games/need-for-speed-ii/,Need for Speed II,"Mar 31, 1997","PC, PlayStation","Overall, Need For Speed II is the PlayStation's slickest racer yet.","EA Seattle, EA Canada","Electronic Arts, Electronic Arts Victor","Driving/Racing, Arcade",Kids to Adults
https://www.gamespot.com/games/redneck-rampage/,Redneck Rampage,"Apr 28, 1997","Linux, Macintosh, PC","Though the tabloid alien-abduction plot feels a bit dated, there's more than enough splatter and gags to compensate.","Xatrix, Logicware, Inc.","Interplay, P&A, Tec Toy","First-Person, Shooter, 3D, Action",Mature
https://www.gamespot.com/games/fragile-allegiance/,Fragile Allegiance,"Mar 31, 1997",PC,Sound like standard empire builder fare? Yes and no.,Gremlin Interactive,"Interplay, Gremlin Interactive, Alternative Software",Strategy,Kids to Adults
https://www.gamespot.com/games/tobal-2/,Tobal 2,"Apr 25, 1997",PlayStation,Tobal 2 captures all of the good points of the original Tobal while making several improvements.,DreamFactory,"SquareSoft, Square Enix","3D, Action, Fighting",
https://www.gamespot.com/games/mdk/,MDK,"Apr 30, 1997","Macintosh, PC, PlayStation","MDK is frequently fun, sometimes frustrating, full of surprises, and visually stunning.","Shiny Entertainment, Neversoft Entertainment","Playmates, Shiny Entertainment, Interplay, SystemSoft, SCEI","3D, Action, Shooter, Third-Person",Teen
https://www.gamespot.com/games/bastard-utsuro-naru-kamigami-no-utsuwa/,Bastard!! Utsuro Naru Kamigami no Utsuwa,"Dec 28, 1996",PlayStation,Bastard!! truly defines the term mish-mash.,Opus,Seta Corporation,Role-Playing,
https://www.gamespot.com/games/enemy-nations/,Enemy Nations,"Mar 31, 1997",PC,"Enemy Nations presents real-time strategy gamers with, if not something exactly new, at least a new combination of gaming styles.",Windward Studios,Head Games Publishing,"Real-Time, Strategy",Everyone
https://www.gamespot.com/games/outlaws/,Outlaws,"Mar 31, 1997",PC,"From the opening level, you'll know you're in for a movie-worthy experience.",LucasArts,"LucasArts, LucasFilm","Shooter, 3D, Action, First-Person",Teen
https://www.gamespot.com/games/the-city-of-lost-children/,The City of Lost Children,"Mar 31, 1997","PC, PlayStation","Players do not want to control helpless, whining characters.",Psygnosis,"Psygnosis, GameBank",Adventure,Teen
https://www.gamespot.com/games/theme-hospital/,Theme Hospital,"Mar 31, 1997","PC, PlayStation","Following in the footsteps of Diablo, Theme Hospital has arrived almost completely intact on the PlayStation.","Bullfrog Productions, Krisalis Software","Electronic Arts, Sold Out Software, SCEA, Electronic Arts Victor","Management, Strategy",Kids to Adults
https://www.gamespot.com/games/doom-64/,DOOM 64,"Mar 31, 1997","Nintendo 64, Nintendo Switch, PC, PlayStation 4, Stadia, Xbox One",Sigh... yet another mediocre N64 game.,"Midway Studios - San Diego, Night Dive Studios","Midway, GameBank, Bethesda Softworks, Limited Run Games","Shooter, 3D, Action, First-Person",Mature
https://www.gamespot.com/games/interstate-76/,Interstate '76,"Feb 28, 1997",PC,Interstate '76 is an incredible gaming experience and offers countless hours of enjoyment for those who are willing to face up to its challenge.,Activision,Activision,Simulation,Teen
https://www.gamespot.com/games/vandal-hearts/,Vandal Hearts,1997,"PC, PlayStation, Saturn",It's a shame to see that Vandal Hearts does not live up to its potential.,"Konami Computer Games Aoyama, KCET, Konami Computer Entertainment Nagoya",Konami,"Turn-Based, Strategy",Mature
https://www.gamespot.com/games/a-fork-in-the-tale/,A Fork in the Tale,"Feb 28, 1997",PC,"From the first sequence to the last, it's a constant barrage of fast-paced frustration.",Advance Reality Interactive,AnyRiver Entertainment,Adventure,Teen
https://www.gamespot.com/games/id-anthology/,id Anthology,"Nov 30, 1996","Macintosh, PC","Even if you've finished Doom II and its siblings, this one might be worth taking a look at.",id Software,GT Interactive,Compilation,
https://www.gamespot.com/games/ultimate-yahtzee/,Ultimate Yahtzee,"Dec 31, 1997",PC,Strictly for loners who love the original dice game.,PCA Inc.,"Hasbro Interactive, Virgin Interactive",Trivia/Board Game,Kids to Adults
https://www.gamespot.com/games/scrabble-1996/,Scrabble (1996),"Dec 31, 1997",PC,Scrabble was made for computer play.,Random Games Inc.,Hasbro Interactive,Trivia/Board Game,Everyone
https://www.gamespot.com/games/raystorm/,RayStorm,1996,"Android, Arcade Games, iOS (iPhone/iPad), PC, PlayStation, Saturn, Xbox 360",Those thirsting for an amazing old school shooting experience can relax - your game has arrived.,"Taito Corporation, Square Enix, TOSE","Taito Corporation, Square Enix, Empire Interactive, Interplay, SCEE, Working Designs, MediaQuest","2D, Action, Shoot-'Em-Up",Kids to Adults
https://www.gamespot.com/games/fable-1996/,Fable (1996),"Feb 28, 1996",PC,Fable is an earnest but uneven effort.,Simbiosis Interactive,Telstar,Adventure,Teen
https://www.gamespot.com/games/battleship-1992/,Battleship (1992),December 1992,"Game Boy, GameGear, NES","Not an intensely complicated game with intricate strategic developments to begin with, it's now just a guess-fest.","Use, NGM Productions, Milton Bradley","Mindscape Inc., Use","Strategy, Turn-Based",
https://www.gamespot.com/games/persona-revelation-series/,Persona: Revelation Series,November 1996,"PC, PlayStation, PSP",Altus' Persona for the PlayStation easily qualifies as a sleeper hit.,"ATLUS, ITL","ASCII Entertainment, ATLUS",Role-Playing,Kids to Adults
https://www.gamespot.com/games/suikoden/,Suikoden,December 1996,"PC, PlayStation, Saturn","Though Suikoden may not be groundbreaking, it's definitely good.","Konami Computer Games Aoyama, Konami, KCE Sapporo",Konami,Role-Playing,Kids to Adults
https://www.gamespot.com/games/mario-kart-64/,Mario Kart 64,"Feb 10, 1997",Nintendo 64,"Even with all its bells and whistles, Mario Kart 64 is very likely to disappoint you after about a week.",Nintendo,"Nintendo, Playtronic","Driving/Racing, Arcade",Kids to Adults
https://www.gamespot.com/games/fighters-megamix/,Fighters Megamix,"Apr 30, 1997","Game.com, Saturn",Fighters Megamix is the only fighting game a Saturn owner needs.,"Sega, Sega AM2","Tiger, Sega, Tec Toy","3D, Action, Fighting",Teen
https://www.gamespot.com/games/diablo/,Diablo,"Nov 30, 1996","Macintosh, PC, PlayStation","Diablo is the best game to come out in the past year, and you should own a copy. Period.","Blizzard Entertainment, Synergistic Software, Climax Group","Blizzard Entertainment, Sierra Entertainment, GOG, Square EA, Electronic Arts","Role-Playing, Action",Mature
https://www.gamespot.com/games/archimedean-dynasty/,Archimedean Dynasty,"Oct 31, 1996",PC,Archimedean Dynasty gives computer gaming a good name even when you don't know what the hell is going on.,Massive Development,Blue Byte,Simulation,Teen
https://www.gamespot.com/games/dragonheart-fire-and-steel/,DragonHeart: Fire & Steel,"Nov 30, 1996","PC, PlayStation, Saturn","Indeed, it is a dark day when games like this are released.",Funcom,Acclaim,Action,Teen
https://www.gamespot.com/games/huygens-disclosure/,Huygen's Disclosure,"Oct 31, 1996",PC,"Sadly, the cliched plot is the best aspect of this tedious and uninspired game.",Microforum,Microforum,Adventure,Everyone
https://www.gamespot.com/games/lords-of-the-realm-ii/,Lords of the Realm II,"Oct 31, 1996",PC,"The Middle Ages were tough times and similarly, Lords of the Realm II is a tough game.",Impressions Games,"Rebellion, Sierra Entertainment, Sierra Online, VU Games, Acer TWP Corp.",Strategy,Teen
https://www.gamespot.com/games/bug-too/,Bug Too!,"Nov 30, 1996","PC, Saturn",Bug Too! is a game for the few people out there that enjoyed the first Bug!,Realtime Associates,"Sega, Tec Toy","Platformer, 2D, Action",Kids to Adults
https://www.gamespot.com/games/star-wars-dark-forces/,Star Wars: Dark Forces,"Feb 28, 1995","Macintosh, PC, PlayStation","To its credit, Dark Forces is a good game that doesn't ""play itself"" like the Rebel Assault games do.","LucasArts, Big Bang","LucasArts, Virgin Interactive, Brasoft Produtos de Informatica Ltda., Softgold, Limited Run Games, Bullet Proof Software, Erbe Software","First-Person, Shooter, 3D, Action",Teen
https://www.gamespot.com/games/tempest-2000/,Tempest 2000,"Apr 1, 1994","Jaguar, Macintosh, PC, Saturn","All the graphics, levels, and enemies from the original arcade game have been faithfully ported over.","Llamasoft, Imagitec Design, Inc., High Voltage Software","Atari Corporation, Logicware, Inc., Interplay","Fixed-Screen, Shooter, 2D, Action",Kids to Adults
https://www.gamespot.com/games/p-t-o-ii-pacific-theater-of-operations/,P.T.O. II: Pacific Theater of Operations,December 1995,"FM Towns, NEC PC98, PC, PlayStation, Saturn, Super Nintendo","P.T.O. II focuses on detailed military strategy, rather than explosion-heavy eye candy.","Koei, Koei/Inis","Koei, Tec Toy","Strategy, Turn-Based",Kids to Adults
https://www.gamespot.com/games/battlecruiser-3000-a-d/,Battlecruiser 3000 A.D.,"Sep 30, 1996",PC,"It will go down in legend as the most bug-ridden, unstable, unplayable pieces of software ever released.",Zombie Studios,"Take-Two Interactive, GameTek",Simulation,
https://www.gamespot.com/games/space-jam/,Space Jam,"Oct 31, 1996","PC, PlayStation, Saturn","Despite the use of much-loved Warner Bros. cartoon characters, Space Jam fails miserably in every category.",Sculptured Software,"Acclaim, Acclaim Japan","Basketball, Sports, Team-Based, Arcade",Kids to Adults
https://www.gamespot.com/games/tomb-raider-1996/,Tomb Raider (1996),"Oct 31, 1996","Android, iOS (iPhone/iPad), Macintosh, PC, PlayStation, Saturn","Tomb Raider is simply a smart game, bursting with great touches.","Core Design Ltd., Westlake Interactive","Square Enix, Aspyr, The Learning Company, Brasoft Produtos de Informatica Ltda., Sold Out Software, Eidos Interactive, Cokem International, Victor Interactive Software, SCEA, Tec Toy, Pack-In-Video","Adventure, Action",Teen
https://www.gamespot.com/games/jet-moto/,Jet Moto,"Oct 31, 1996","PC, PlayStation","Jet Moto is an evil, difficult game.",SingleTrac,"Sony Interactive Studios America, SCEI, SCEE, SCEA","Driving/Racing, Arcade",Kids to Adults
https://www.gamespot.com/games/twisted-metal-2/,Twisted Metal 2,"Oct 31, 1996","PC, PlayStation",Twisted Metal 2 crushes the competition.,SingleTrac,"Sony Interactive Studios America, SCEI, SCEA, 989 Studios, SCEE",Simulation,Teen
https://www.gamespot.com/games/mortal-kombat-trilogy/,Mortal Kombat Trilogy,"Oct 11, 1996","Game.com, Nintendo 64, PC, PlayStation, Saturn",Mortal Kombat Trilogy ups the ante in terms of options.,"Midway, Avalanche Software, Point of View","Tiger, Williams, GT Interactive, Midway, Soft Bank, Tec Toy","2D, Action, Fighting",Mature
https://www.gamespot.com/games/killer-instinct-2/,Killer Instinct 2,1996,"Arcade Games, Nintendo 64, Xbox One",,"Rare Ltd., Code Mystics Inc.","Midway, Nintendo, Microsoft Game Studios","Fighting, 2D, Action",Mature
https://www.gamespot.com/games/adidas-power-soccer/,Adidas Power Soccer,"Aug 31, 1996",PlayStation,Adidas Power Soccer rises high above the standard soccer fare.,Psygnosis,Psygnosis,"Sports, Team-Based, Simulation, Soccer",Kids to Adults
https://www.gamespot.com/games/amok/,Amok,"Oct 31, 1996","PC, Saturn","If you're looking for yet another mech game and don't care if the game is any good or not, Amok might be right up your alley.",Lemon,"GT Interactive, GameBank, Tec Toy, Scavenger, Koei, Sega","Shooter, Third-Person, 3D, Action",Teen
https://www.gamespot.com/games/bubsy-3d/,Bubsy 3D,"Oct 31, 1996",PlayStation,"Of all the 3-D action/platform games out for the Playstation, Bubsy 3D is the least fun.",Eidetic,Accolade,"3D, Action, Platformer",Kids to Adults
https://www.gamespot.com/games/casper-1996/,Casper (1996),"Aug 31, 1996","3DO, Game Boy, Game Boy Color, PlayStation, Saturn, Super Nintendo","The player spends a lot of time shuttling Casper through places he's already been, looking for the one doorway or vent he missed.","Logicware, Inc., Bonsai Entertainment Corp., G3 Interactive, Funcom, Imagineering Inc","Interplay, Natsume, Laguna, Electronic Arts Victor","Action, Adventure",Kids to Adults
https://www.gamespot.com/games/crash-bandicoot/,Crash Bandicoot,"Aug 31, 1996",PlayStation,Players looking for an old-school platform game with uncanny visual effects will certainly find it here.,Naughty Dog,"SCEI, SCEA, SCEE","3D, Platformer, Action",Kids to Adults
https://www.gamespot.com/games/iron-and-blood/,Iron & Blood,"Oct 31, 1996","PC, PlayStation","If one word had to be used to sum up Iron and Blood, ""laughable"" would fit just fine.",Take-Two Interactive,Acclaim,"Action, Fighting, 3D",Teen
https://www.gamespot.com/games/kings-field-ii/,King's Field II,"Oct 31, 1996",PlayStation,"The first King's Field was an excellent game, and its like-minded sequel is even better.",From Software,"ASCII Entertainment, From Software, SCEA",Role-Playing,Teen
https://www.gamespot.com/games/mr-bones/,Mr. Bones,"Sep 30, 1996",Saturn,"Combining imaginative gameplay mechanics with cool graphics and killer music, Mr. Bones will not disappoint.",Zono Inc.,"Sega, Tec Toy","2D, Platformer, Action",Kids to Adults
https://www.gamespot.com/games/pro-pinball-the-web/,Pro Pinball: The Web,"Oct 24, 1996","PC, PlayStation, Saturn",A single table just doesn't provide enough extended replay value to put it ahead of Hyper 3-D Pinball and other Saturn pinball games.,"Empire Interactive, Cunning Developments","Interplay, Empire Interactive",Pinball,Kids to Adults
https://www.gamespot.com/games/resident-evil/,Resident Evil,"Mar 30, 1996","DS, PC, PlayStation, Saturn",Resident Evil is a rare gem that has been able to make the jump from a video game to a computer game nearly flawlessly.,"Capcom, NexTech","Capcom, Nintendo, Virgin Interactive, NEC, Media Kite, Tec Toy, PCHome, Sega","Adventure, Survival, 3D, Action",Rating Pending
https://www.gamespot.com/games/slamscape/,Slamscape,"Sep 30, 1996","PC, PlayStation",It's theoretically possible that Slamscape is someone's idea of fun.,Viacom New Media,"Viacom New Media, Virgin Interactive","Shooter, Third-Person, 3D, Action",Everyone
https://www.gamespot.com/games/spot-goes-to-hollywood/,Spot Goes To Hollywood,1995,"Genesis, PlayStation, Saturn","Ultimately, it's not worth a purchase, though it's probably worth a rental.","Eurocom Entertainment Software, Burst Studios","Tec Toy, Acclaim, Virgin Interactive","2D, Platformer, Action",Kids to Adults
https://www.gamespot.com/games/street-fighter-alpha-2/,Street Fighter Alpha 2,"Sep 30, 1996","Arcade Games, PC, PlayStation, Saturn, Super Nintendo",Alpha 2 proves that 2-D fighting can at times be better than its polygonal brethren.,Capcom,"Capcom, Virgin Interactive, SCEA, Tec Toy, Nintendo","2D, Fighting, Action",Teen
https://www.gamespot.com/games/super-mario-64/,Super Mario 64,"Sep 26, 1996","DS, Nintendo 64","With realms so vast and detailed, and yet so graphically clean and simple, one instinctively wants to go exploring.",Nintendo,"Nintendo, iQue, Playtronic","Action, 3D, Platformer",Kids to Adults
https://www.gamespot.com/games/tempest-x3/,Tempest X3,1996,PlayStation,Tempest X3 just isn't worth the money.,High Voltage Software,Interplay,"Action, Fixed-Screen, Shooter, 2D",Everyone
https://www.gamespot.com/games/time-commando/,Time Commando,"Jul 31, 1996","Macintosh, PC, PlayStation, Saturn",Action on the Playstation is seldom more fun.,Adeline Software,"[2.21], Activision, Virgin Interactive, Adeline Software, Acclaim Japan","Action, Adventure",Teen
https://www.gamespot.com/games/wave-race-64/,Wave Race 64,"Nov 1, 1996",Nintendo 64,"The graphics are better than what you'll find in 95 percent of games, and the analog stick makes play control a breeze.",Nintendo,"Nintendo, Playtronic","Driving/Racing, Arcade",Kids to Adults
https://www.gamespot.com/games/wipeout-xl/,Wipeout XL,"Sep 30, 1996","Amiga, Macintosh, PC, PlayStation, Saturn","Wipeout fans, this is a must buy. For those of you who have lived under a rock for the past year, get with it and reach for XL.","Blittersoft, Coderus Ltd., Psygnosis, Perfect Entertainment","Blittersoft, Virtual Programming, Psygnosis, SCEI, SCEA, GameBank","Arcade, Driving/Racing",Kids to Adults
https://www.gamespot.com/games/command-and-conquer-red-alert/,Command & Conquer: Red Alert,"Nov 22, 1996","BlackBerry, iOS (iPhone/iPad), PC, PlayStation","There are new weapons, enemies, and levels, but the game engine and basic play are essentially the same.","Electronic Arts, Westwood Studios, Petroglyph","Electronic Arts, Westwood Studios, Virgin Interactive, Tec Toy, Sold Out, Sold Out Software, Dice Multi Media","Real-Time, Strategy",Teen
https://www.gamespot.com/games/master-of-orion-ii-battle-at-antares/,Master of Orion II: Battle at Antares,"Nov 22, 1996","Linux, Macintosh, PC",Players who love strategy games will go nuts for Master of Orion II.,"SimTex, MacSoft","Wargaming World Ltd, MacSoft, MicroProse","Turn-Based, Strategy",Kids to Adults
https://www.gamespot.com/games/blood-and-magic/,Blood & Magic,"Nov 25, 1996",PC,Blood & Magic's basic premise is entertaining enough that die-hard strategy fanatics may be able to overlook its interface problems.,Tachyon Studios,Interplay,Strategy,Everyone
https://www.gamespot.com/games/trophy-bass-2/,Trophy Bass 2,"Sep 30, 1996",PC,"Those who want to sink their hooks into some down-and-dirty, realistic fishing action will find the game a perfect fit.",Sierra Entertainment,Sierra Entertainment,"Sports, Hunting/Fishing",Kids to Adults
https://www.gamespot.com/games/the-neverhood/,The Neverhood,"Oct 31, 1996","PC, PlayStation",The frustrating thing about The Neverhood is that its simple beauty belies its malformation.,The Neverhood,"Dreamworks Interactive, Microsoft, Riverhillsoft",Adventure,Teen
https://www.gamespot.com/games/screamer-2/,Screamer 2,"Sep 30, 1996","Linux, Macintosh, PC","Once you become accustomed to the loose controls, Screamer 2 can provide an enjoyable gaming experience.","Graffiti, Milestone S.r.l","Interplay, Virgin Interactive, Mastertronic, Tec Toy","Arcade, Driving/Racing",Everyone
https://www.gamespot.com/games/broken-sword-the-shadow-of-the-templars/,Broken Sword: The Shadow of the Templars,"Sep 30, 1996","Android, DS, Game Boy Advance, iOS (iPhone/iPad), Linux, Macintosh, Mobile, PC, PlayStation, Wii",Investigate a mysterious bombing and unravel a deep mystery in this point-and-click adventure.,"Revolution Software, Astraware","Revolution Software, Ubisoft, Bam Entertainment, Astraware, Sold Out Software, Virgin Interactive, Kalypso, Tec Toy, THQ, SCEE",Adventure,Kids to Adults
https://www.gamespot.com/games/the-elder-scrolls-chapter-ii-daggerfall/,The Elder Scrolls: Chapter II - Daggerfall,"Aug 31, 1996",PC,Someone has finally returned to the RPGs of the old school and created an adventure that will take even the most experienced gamer months to unravel.,Bethesda Softworks,Bethesda Softworks,Role-Playing,Mature
https://www.gamespot.com/games/devo-presents-adventures-of-the-smart-patrol/,Devo Presents Adventures of the Smart Patrol,"Jul 31, 1996","Macintosh, PC",Devo has gone digital and the result is utterly devastating.,Inscape,Inscape,Adventure,Mature
https://www.gamespot.com/games/albion/,Albion,"Aug 31, 1996",PC,"In Blue Byte's hybrid role-playing game Albion, nothing is as it first appears.",Blue Byte,"Blue Byte, GOG",Role-Playing,Kids to Adults
https://www.gamespot.com/games/baku-baku/,Baku Baku,"Aug 31, 1996","Arcade Games, GameGear, Mobile, PC, Saturn, Sega Master System",Baku Baku captures the addictive qualities of the original Tetris and surpasses it in terms of two-player action.,"Sega, Minato Giken, Lavastorm, Sega AM2","Sega, Sega Mobile, Tec Toy","Matching/Stacking, Puzzle",Kids to Adults
https://www.gamespot.com/games/time-commando/,Time Commando,"Jul 31, 1996","Macintosh, PC, PlayStation, Saturn",Action on the Playstation is seldom more fun.,Adeline Software,"[2.21], Activision, Virgin Interactive, Adeline Software, Acclaim Japan","Action, Adventure",Teen
https://www.gamespot.com/games/virtua-fighter/,Virtua Fighter,October 1993,"Arcade Games, PC, Saturn, Sega 32X","If you have even a passing interest in 3-D fighters, Virtua Fighter PC is not to be missed.",Sega AM2,"Sega, Tec Toy","3D, Action, Fighting",Teen
https://www.gamespot.com/games/close-combat/,Close Combat,"Jan 1, 1996","Macintosh, PC","A typical day at the beach: the sand under your feet, the roar of the surf... and the ripping sound of German machine guns as they cut your troops to pieces.",Atomic Games,"Microsoft Game Studios, Microsoft","Real-Time, Strategy",Kids to Adults
https://www.gamespot.com/games/hoyle-blackjack/,Hoyle Blackjack,"Jun 30, 1996",PC,Hoyle Blackjack is a full-featured blackjack simulation that captures many of the elements of gambling in a real casino.,Sierra Entertainment,Sierra Entertainment,Gambling,
https://www.gamespot.com/games/bruce-jenners-world-class-decathlon/,Bruce Jenner's World Class Decathlon,"Jun 30, 1996",PC,"While WCD should be applauded for breathing new life into decathlon titles, it is ultimately undermined by shortcomings in gameplay and challenge.",Dallas Multimedia,Interactive Magic,Sports,
https://www.gamespot.com/games/final-doom/,Final DOOM,"May 31, 1996","Macintosh, PC, PlayStation","Like an aging athlete, the time has come for Doom to hang up its gloves and exit gracefully from the scene.","id Software, Williams","id Software, GT Interactive, Soft Bank","Shooter, 3D, Action, First-Person",Mature
https://www.gamespot.com/games/battle-arena-toshinden/,Battle Arena Toshinden,August 1995,"PC, PlayStation, Saturn",News flash: The PC version of Battle Arena Toshinden isn't as good as the PlayStation version.,"Digital Dialect, Tamsoft, Takara","Funsoft Inc., Playmates, SCEE, SCEA, Tamsoft, Takara, Sega, Tec Toy","3D, Action, Fighting",Teen
https://www.gamespot.com/games/catfight/,Catfight,1996,PC,"Let's just get right down to the nitty gritty: Catfight is, without a doubt, the worst computer game ever released.",Phantom Card,Atlantean Interactive Games,"2D, Action, Fighting",
https://www.gamespot.com/games/strife-trust-no-one/,Strife: Trust no one,"May 31, 1996","Linux, Macintosh, Nintendo Switch, PC","Strife is an action-packed blend of FPS action with RPG elements, featuring an original, engaging story and near-future/ modern setting, a unique distinctive visual style, and engaging gameplay.",Rogue Entertainment,"Night Dive Studios, Velocity Development, Limited Run Games",Action,Mature
https://www.gamespot.com/games/micro-machines-2-turbo-tournament/,Micro Machines 2: Turbo Tournament,"May 31, 1996","Game Boy, GameGear, Genesis, PC, Super Nintendo",,"Codemasters, Supersonic Software, Merit Studios","Ocean, Codemasters, GameTek","Arcade, Driving/Racing",
https://www.gamespot.com/games/quake/,Quake,"Jun 22, 1996","Amiga, Macintosh, Mobile, Nintendo 64, Nintendo Switch, PC, PlayStation 4, PlayStation 5, Saturn, Xbox One, Xbox Series X, Zeebo","If you're into action games, or even if you're not, you should be playing Quake right now - it's as good as PC gaming gets.","PXL Computers, id Software, id Mobile, Midway Studios - San Diego, Impel, WizardWorks, Rogue Entertainment, Hipnotic Interactive, Microforum, Head Games Publishing, Team Epochalypse, Quantum Axcess, Lobotomy Software","ClickBOOM, id Software, Midway, GT Interactive, Limited Run Games, Bethesda Softworks, Instant Access, WizardWorks, Activision, Microforum, Head Games Publishing, Quantum Axcess, Tec Toy, Perfect Publishing, The Associates, ZeniMax Media, Sega","Action, First-Person, Shooter, 3D",Mature
https://www.gamespot.com/games/rayman/,Rayman,"Sep 1, 1995","Android, DS, Game Boy Advance, Game Boy Color, iOS (iPhone/iPad), Jaguar, PC, PlayStation, Saturn",One of the better titles to hit the Game Boy Color in recent history.,"Ubisoft, Digital Eclipse, Ubisoft Montpellier","Ubisoft, SoftKey, ak tronic, Tec Toy","2D, Action, Platformer",Kids to Adults
https://www.gamespot.com/games/william-shatners-tekwar/,William Shatner's TekWar,"Sep 30, 1995",PC,"TEKWAR has an interesting story line and is certainly a nice anti-aggravation device, but it fails to accomplish anything else.",Capstone Software,"U.S. Gold, IntraCorp","First-Person, Shooter, 3D, Action",
https://www.gamespot.com/games/the-terminator-future-shock/,The Terminator: Future Shock,"Dec 31, 1995",PC,"Even if you have somehow avoided the hulking mass of first person shooters until now, you should consider checking out Terminator  for its variety of play styles and its overall quality.",Bethesda Softworks,"Virgin Interactive, Bethesda Softworks","Shooter, 3D, Action, First-Person",Teen
https://www.gamespot.com/games/shannara/,Shannara,"Nov 30, 1995",PC,"Shannara is an excellent pick for novice users or fans of Mr. Brooks, but experienced players should probably keep looking.",Legend Entertainment,Legend Entertainment,Adventure,
https://www.gamespot.com/games/command-and-conquer/,Command & Conquer,"Sep 26, 1995","Macintosh, Nintendo 64, PC, PlayStation, Saturn",Overall Command & Conquer is a great strategy game and easily the best available on the PlayStation.,"Westwood Studios, Looking Glass Studios, Petroglyph","Westwood Studios, Nintendo, Virgin Interactive, Tec Toy, Electronic Arts, Acclaim Japan, Sega","Real-Time, Strategy",Mature
https://www.gamespot.com/games/the-dig/,The Dig,"Nov 30, 1995","Macintosh, PC","In almost every sense, The Dig represents a leap backwards from LucasArts' previous group of adventure games.",LucasArts,"LucasArts, Brasoft Produtos de Informatica Ltda.",Adventure,Kids to Adults
https://www.gamespot.com/games/star-wars-dark-forces/,Star Wars: Dark Forces,"Feb 28, 1995","Macintosh, PC, PlayStation","To its credit, Dark Forces is a good game that doesn't ""play itself"" like the Rebel Assault games do.","LucasArts, Big Bang","LucasArts, Virgin Interactive, Brasoft Produtos de Informatica Ltda., Softgold, Limited Run Games, Bullet Proof Software, Erbe Software","First-Person, Shooter, 3D, Action",Teen
https://www.gamespot.com/games/myst-1995/,Myst (1995),"Sep 24, 1993","3DO, 3DS, Amiga, CD-I, DS, iOS (iPhone/iPad), Jaguar CD, Macintosh, PC, PlayStation, PSP, Saturn",Embark on an adventure through a mysterious island where clues abound and you must try to reverse a wrong that has gone unchecked for ages.,"Micro Cabin, Hoplite Research, ClickBOOM, Cyan Worlds, Alfa System, SunSoft","Panasonic, Micro Cabin, Funbox Media, Maximum Family Games, Maximum Games, PXL Computers, Philips Media, Midway, Empire Interactive, Storm City Games, Cyan Worlds, SunSoft, Atari Corporation, Broderbund, Red Orb Entertainment, Psygnosis, Soft Bank, SCEA, Hoplite Research, Sega, Tec Toy, Acclaim, Wooyoung System",Adventure,Kids to Adults
https://www.gamespot.com/games/abuse/,Abuse,"Feb 29, 1996","Amiga, iOS (iPhone/iPad), Linux, Macintosh, PC","In one swift stroke, Crack dot Com's debut game, Abuse, has changed side-scrolling platform shooters forever, and all because of this game's superior control.","Crack dot Com, EXAKT Entertainment","Alive, EXAKT Entertainment, Electronic Arts, Bungie Software, Attain, Origin",Action,Teen
https://www.gamespot.com/games/anvil-of-dawn/,Anvil of Dawn,"Oct 31, 1995",PC,"This title walks the line between the combat and puzzles genres very delicately, and most adventurers will find the game maintains an enjoyable balance throughout.",DreamForge Intertainment,New World Computing,Role-Playing,
https://www.gamespot.com/games/crusader-no-remorse/,Crusader: No Remorse,"Aug 31, 1995","PC, PlayStation, Saturn","If you've got the time to learn, and the desire to destroy, Crusader contains more than enough action and explosions to satisfy.","Origin, Realtime Associates","Electronic Arts, Origin, Tec Toy","Action, Adventure",Mature
https://www.gamespot.com/games/descent-1994/,Descent (1994),"Mar 17, 1995","Acorn Archimedes, Linux, Macintosh, NEC PC98, PC, PlayStation",No exploding body parts or fireball-vomiting demons here--Descent puts an industrial spin on the genre by taking you into the bowels of huge factory-like space stations to fight mining robots gone mad.,"Parallax Software, Interplay","Interplay, Mac Play, Electronic Arts Victor, Soft Bank",Simulation,Teen
https://www.gamespot.com/games/destruction-derby/,Destruction Derby,"Oct 31, 1995","PC, PlayStation, Saturn",Destruction Derby is a demolition racing game from Psygnosis.,Reflections Interactive,"Psygnosis, SCEI, Soft Bank","Driving/Racing, Arcade",Kids to Adults
https://www.gamespot.com/games/doom-1993/,DOOM (1993),"Dec 10, 1993","3DO, Acorn Archimedes, Android, Game Boy Advance, iOS (iPhone/iPad), Jaguar, Macintosh, NEC PC98, Nintendo Switch, PC, Playdate, PlayStation, PlayStation 4, Saturn, Sega 32X, Super Nintendo, Xbox 360, Xbox One",id Software's classic first-person shooter is now on Xbox Live Arcade.,"Logicware, Inc., id Software, Bethesda Softworks, David A. Palmer Productions, Lion Entertainment, Inc., Rage Software, John Romero, Nic Magnier, Midway Studios - San Diego, Sega, Sculptured Software, Nerve Software","Bashou House, Art Data Interactive, R-Comp, Bethesda Softworks, Activision, id Software, Atari Corporation, Mumin Corp., GT Interactive, Imagineer, ZeniMax Media, Limited Run Games, Wiz Technology, Inc, John Romero, Gold Medallion, Micro Star, Infogrames, Midway, Williams, Soft Bank, Tec Toy, Sega, Ocean","Shooter, 3D, Action, First-Person",Mature
https://www.gamespot.com/games/doom-ii/,DOOM II,"Sep 30, 1994","Android, Game Boy Advance, iOS (iPhone/iPad), Macintosh, NEC PC98, Nintendo Switch, PC, PlayStation 4, Xbox 360, Xbox One, Zodiac","Bigger, badder, and bloodier than the original, this sequel extends the carnage started in Doom.","Bethesda Softworks, Torus Games, id Software, Lion Entertainment, Inc., Nerve Software, Machineworks Northwest","Bethesda Softworks, Activision, GT Interactive, Imagineer, ZeniMax Media, id Software, Virgin Interactive","First-Person, Shooter, 3D, Action",Mature
https://www.gamespot.com/games/dungeon-master-ii-the-legend-of-skullkeep/,Dungeon Master II: The Legend of Skullkeep,1994,"Amiga, FM Towns, Macintosh, NEC PC98, PC, Sega CD","Created very much with its &#145;80s ancestor in mind, the fantasy world of Dungeon Master II is complete, well-structured...and slooooww.","FTL Games, Interplay","Interplay, Victor Interactive Software, Acclaim, JVC Musical Industries, Inc.",Role-Playing,Teen
https://www.gamespot.com/games/endorfun/,Endorfun,"Sep 30, 1995","Macintosh, PC, PlayStation, Super Nintendo","Best described as an interactive Fruitopia commercial, Endorfun's puzzle gameis set against a background of pulsating, shimmering, moving, colorful patterns.","Onesong Partners, T&E Soft","Time Warner Interactive, T&E Soft",Puzzle,
https://www.gamespot.com/games/fifa-soccer-96/,FIFA Soccer 96,"Sep 30, 1995","Game Boy, GameGear, Genesis, PC, PlayStation, Saturn, Super Nintendo","FIFA Soccer '96 might ultimately be viewed as too simplistic for real soccerstrategy junkies, but for the rest of us, it's one cheeky little game.","Probe Entertainment Limited, Extended Play Productions, EA Sports","Black Pearl, EA Sports, Tec Toy, Electronic Arts, Electronic Arts Victor","Soccer, Sports, Team-Based, Simulation",Kids to Adults
https://www.gamespot.com/games/full-throttle/,Full Throttle,"Apr 30, 1995","iOS (iPhone/iPad), Linux, Macintosh, PC, PlayStation 4, PlayStation Vita, Xbox One","Featuring a superb story that borrows from the cult films Easy Rider and MadMax, Full Throttle is arguably LucasArts' finest graphic adventure creation.","Double Fine Productions, LucasArts","Double Fine Productions, LucasArts, Brasoft Produtos de Informatica Ltda., Xbox Game Studios",Adventure,Teen
https://www.gamespot.com/games/mechwarrior-2-31st-century-combat/,MechWarrior 2: 31st Century Combat,"Jun 30, 1995","Macintosh, PC","With controls more like those of a flight sim, and a need for strategy and planning, this is not your average action game.",Activision,Activision,Simulation,Everyone
https://www.gamespot.com/games/microsoft-golf-version-2-0/,Microsoft Golf Version 2.0,"Aug 31, 1995",PC,Microsoft Golf's designers focused on the elements of a great golf game without going overboard on the bells and whistles.,Microsoft Game Studios,Microsoft Game Studios,"Golf, Simulation, Sports",
https://www.gamespot.com/games/nba-live-96/,NBA Live 96,October 1995,"Game Boy, Genesis, PC, PlayStation, Super Nintendo","EA has done this sequel right, making a good game much, much better.","Tiertex Design Studios, Hitmen Productions, EA Sports, EA Canada","Black Pearl, THQ, Electronic Arts, Tec Toy, Electronic Arts Victor","Basketball, Simulation, Sports, Team-Based",Kids to Adults
https://www.gamespot.com/games/roberta-williams-phantasmagoria/,Roberta Williams' Phantasmagoria,"Jul 31, 1995","PC, Saturn","Phantasmagoria is Sierra's first attempt at a full-blown, live-action, interactive video adventure, and their ambition far outweighs the results.","Sierra Entertainment, Infini","Sierra Entertainment, Activision, Outrigger Koubou",Adventure,Mature
https://www.gamespot.com/games/police-quest-swat/,Police Quest: SWAT,"Sep 30, 1995",PC,"SWAT begins with an interesting premise, but the designers seem to have paid too much attention to detail in the wrong areas.",Sierra Entertainment,"Sierra Entertainment, Activision",Strategy,Teen
https://www.gamespot.com/games/resurrection-rise-2/,Resurrection: Rise 2,"Feb 29, 1996","PC, PlayStation, Saturn","If you're looking for an expensive screensaver, this is the title for you.",Mirage,"Acclaim, Tec Toy, Acclaim Japan","2D, Fighting, Action",Teen
https://www.gamespot.com/games/steel-panthers/,Steel Panthers,"Aug 31, 1995",PC,Steel Panthers is your chance to recreate some of World War II's classic armor battles from the comfort of your own home.,SSI,"Mindscape Inc., SSI","Strategy, Turn-Based",Kids to Adults
https://www.gamespot.com/games/the-dark-eye/,The Dark Eye,"Oct 31, 1995","Macintosh, PC",The Dark Eye is without a doubt one of the most original computer games ever created.,Inscape,"Inscape, Expert Software, GT Interactive",Adventure,
https://www.gamespot.com/games/trophy-bass/,Trophy Bass,1995,PC,"If you're at all interested in the concept, you'll find Trophy Bass well-made and fun to play. If not, cast your line elsewhere.",Sierra Entertainment,"VU Games, Sierra Entertainment","Sports, Hunting/Fishing",Everyone
https://www.gamespot.com/games/under-a-killing-moon/,Under a Killing Moon,"Oct 31, 1994","Linux, Macintosh, PC",Under a Killing Moon is an excellently wrapped package with some less than compelling contents.,Access Software,"Night Dive Studios, Access Software, U.S. Gold",Adventure,
https://www.gamespot.com/games/warhammer-shadow-of-the-horned-rat/,Warhammer: Shadow of the Horned Rat,"Nov 30, 1995","PC, PlayStation","In short, the fighting is uninvolving and the story uninteresting.","Mindscape Inc., Games Workshop","Mindscape Inc., GOG, SSI","Strategy, Real-Time",Kids to Adults
https://www.gamespot.com/games/whiplash-1996/,Whiplash (1996),"Jan 31, 1996",PC,"This new racing sim from Interplay sets itself apart from the pack with tracks that hearken back to slot-car racing, featuring highly adept opponents, and competitive multi-player action.",Gremlin Interactive,"Interplay, Gremlin Interactive","Arcade, Driving/Racing",Everyone
https://www.gamespot.com/games/worms/,Worms,"Oct 31, 1995","Amiga, Amiga CD32, Game Boy, Genesis, Jaguar, Macintosh, PC, PlayStation, Saturn, Super Nintendo","Worms is an inexpensive game that offers an exciting strategy competition, a lot of laughs, and fantastic replay value.","Blittersoft, Team 17, Ocean, EastPoint","Blittersoft, Ocean, Team 17, Telegames, Inc., GT Interactive, Imagineer, Sold Out Software, Infogrames, I'Max, Tec Toy","Turn-Based, Strategy",Kids to Adults
https://www.gamespot.com/games/star-trek-the-next-generation-a-final-unity/,Star Trek: The Next Generation--A Final Unity,"May 31, 1995","Macintosh, PC","At last, a well-executed game based on the recent batch of Star Trek shows.",Spectrum Holobyte,"Spectrum Holobyte, MicroProse",Adventure,
